{
    "typeNomenclature": "SerieBac",
    "code": "BAC001",
    "libelleCourt": "S-SCIENTIF",
    "libelleLong": "SCIENTIFIQUE",
    "libelleAffichage": "SCIENTIFIQUE",
    "prioriteAffichage": 999,
    "dateDebutValidite": "1995-01-01",
    "dateFinValidite": "2020-12-31",
    "temoinVisible": true,
    "temoinLivre": true,
    "codeBcn": "S",
    "titreAcces": {
      "typeNomenclature": "TitreAcces",
      "code": "TAS001",
      "libelleCourt": "BAC FRANCAIS",
      "libelleLong": "BACCALAUREAT FRANCAIS",
      "libelleAffichage": "Baccalauréat français",
      "prioriteAffichage": 0,
      "dateDebutValidite": "2018-01-01",
      "dateFinValidite": null,
      "temoinVisible": true,
      "temoinLivre": true
    },
    "typeBac": {
      "typeNomenclature": "TypeBac",
      "code": "TYB001",
      "libelleCourt": "G",
      "libelleLong": "GENERAL",
      "libelleAffichage": "Général",
      "prioriteAffichage": 0,
      "dateDebutValidite": "1990-01-01",
      "dateFinValidite": null,
      "temoinVisible": true,
      "temoinLivre": true
    }
  }