{
    "typeNomenclature": "BourseAideFinanciere",
    "code": "AID002",
    "libelleCourt": "BOURS.UNIV",
    "libelleLong": "BOURSE SUR CRITERES UNIVERSITAIRES",
    "libelleAffichage": "BOURSE SUR CRITERES UNIVERSITAIRES",
    "prioriteAffichage": 0,
    "dateDebutValidite": "2002-09-01",
    "dateFinValidite": null,
    "temoinVisible": true,
    "temoinLivre": true,
    "exoinsExtra": null,
    "codeBcn": "C",
    "temoinExoneration": true,
    "typeBourse": null,
    "exoinsCom": null
  }