[
  {
    "typeNomenclature": "SituationMilitaire",
    "code": "SIM001",
    "libelleCourt": "SC ENGAGEM",
    "libelleLong": "ENGAGEMENT/VOLONTARIAT SERVICE CIVIQUE",
    "libelleAffichage": "Engagement/volontariat service civique (article 120-33 du CSN)",
    "prioriteAffichage": 0,
    "dateDebutValidite": "2015-09-01",
    "dateFinValidite": null,
    "temoinVisible": true,
    "temoinLivre": true,
    "codeBcn": "E"
  },
  {
    "typeNomenclature": "SituationMilitaire",
    "code": "SIM002",
    "libelleCourt": "SC VOL INT",
    "libelleLong": "VOLONTARIAT INTERNATIONAL SERVICE CIVIQU",
    "libelleAffichage": "Volontariat international service civique (article 120-33 du CSN)",
    "prioriteAffichage": 0,
    "dateDebutValidite": "2015-09-01",
    "dateFinValidite": null,
    "temoinVisible": true,
    "temoinLivre": true,
    "codeBcn": "I"
  }
]