[
  {
    "typeNomenclature": "TypeObjetFormation",
    "code": "ANNEE",
    "libelleCourt": "ANNEE",
    "libelleLong": "ANNEE",
    "libelleAffichage": "Année",
    "prioriteAffichage": 0,
    "dateDebutValidite": "1970-01-01",
    "dateFinValidite": null,
    "temoinVisible": true,
    "temoinLivre": true,
    "categorieObjet": "Objet temporel théorique"
  },
  {
    "typeNomenclature": "TypeObjetFormation",
    "code": "EC",
    "libelleCourt": "ELEMENT CONSTITUTIF",
    "libelleLong": "ELEMENT CONSTITUTIF",
    "libelleAffichage": "Élément Constitutif",
    "prioriteAffichage": 0,
    "dateDebutValidite": "1970-01-01",
    "dateFinValidite": null,
    "temoinVisible": true,
    "temoinLivre": true,
    "categorieObjet": "Objet pédagogique"
  },
  {
    "typeNomenclature": "TypeObjetFormation",
    "code": "ENS",
    "libelleCourt": "ENSEIGNEMENT",
    "libelleLong": "ENSEIGNEMENT",
    "libelleAffichage": "Enseignement",
    "prioriteAffichage": 0,
    "dateDebutValidite": "1970-01-01",
    "dateFinValidite": null,
    "temoinVisible": true,
    "temoinLivre": true,
    "categorieObjet": "Objet pédagogique"
  },
  {
    "typeNomenclature": "TypeObjetFormation",
    "code": "OPTION",
    "libelleCourt": "OPTION",
    "libelleLong": "OPTION",
    "libelleAffichage": "Option",
    "prioriteAffichage": 0,
    "dateDebutValidite": "1970-01-01",
    "dateFinValidite": null,
    "temoinVisible": true,
    "temoinLivre": true,
    "categorieObjet": "Objet organisationnel"
  },
  {
    "typeNomenclature": "TypeObjetFormation",
    "code": "PARCOURS-TYPE",
    "libelleCourt": "PARCOURS TYPE",
    "libelleLong": "PARCOURS TYPE",
    "libelleAffichage": "Parcours type",
    "prioriteAffichage": 0,
    "dateDebutValidite": "1970-01-01",
    "dateFinValidite": null,
    "temoinVisible": true,
    "temoinLivre": true,
    "categorieObjet": "Objet organisationnel"
  },
  {
    "typeNomenclature": "TypeObjetFormation",
    "code": "SEMESTRE",
    "libelleCourt": "SEMESTRE",
    "libelleLong": "SEMESTRE",
    "libelleAffichage": "Semestre",
    "prioriteAffichage": 0,
    "dateDebutValidite": "1970-01-01",
    "dateFinValidite": null,
    "temoinVisible": true,
    "temoinLivre": true,
    "categorieObjet": "Objet temporel théorique"
  },
  {
    "typeNomenclature": "TypeObjetFormation",
    "code": "SPECIALITE",
    "libelleCourt": "SPECIALITE",
    "libelleLong": "SPECIALITE",
    "libelleAffichage": "Spécialité",
    "prioriteAffichage": 0,
    "dateDebutValidite": "1970-01-01",
    "dateFinValidite": null,
    "temoinVisible": true,
    "temoinLivre": true,
    "categorieObjet": "Objet organisationnel"
  },
  {
    "typeNomenclature": "TypeObjetFormation",
    "code": "UE",
    "libelleCourt": "UNITE D'ENSEIGNEMENT",
    "libelleLong": "UNITE D'ENSEIGNEMENT",
    "libelleAffichage": "Unité d'enseignement",
    "prioriteAffichage": 0,
    "dateDebutValidite": "1970-01-01",
    "dateFinValidite": null,
    "temoinVisible": true,
    "temoinLivre": true,
    "categorieObjet": "Objet pédagogique"
  }
]