  {
    "typeNomenclature": "TypeDiplome",
    "code": "TYD001",
    "libelleCourt": "AUT.NAT.B3",
    "libelleLong": "AUTRES DIPL. NATIONAUX NIV. FORM. BAC+3",
    "libelleAffichage": "AUTRES DIPL. NATIONAUX NIV. FORM. BAC+3",
    "prioriteAffichage": 0,
    "dateDebutValidite": "1900-01-01",
    "dateFinValidite": null,
    "temoinVisible": true,
    "temoinLivre": true,
    "codeBcn": "ND",
    "cursusFormation": {
      "typeNomenclature": "CursusFormation",
      "code": "GRC001",
      "libelleCourt": "CURS. LIC",
      "libelleLong": "CURSUS LICENCE",
      "libelleAffichage": "CURSUS LICENCE",
      "prioriteAffichage": 0,
      "dateDebutValidite": "2004-09-01",
      "dateFinValidite": null,
      "temoinVisible": true,
      "temoinLivre": true,
      "codeBcn": "L"
    },
    "niveauFormation": {
      "typeNomenclature": "NiveauFormation",
      "code": "NIF004",
      "libelleCourt": "BAC+3",
      "libelleLong": "BAC+3",
      "libelleAffichage": "BAC+3",
      "prioriteAffichage": 0,
      "dateDebutValidite": "1900-01-01",
      "dateFinValidite": null,
      "temoinVisible": true,
      "temoinLivre": true,
      "codeBcn": "3"
    },
    "natureDiplome": {
      "typeNomenclature": "NatureDiplome",
      "code": "NAD001",
      "libelleCourt": "DIPL.HABIL",
      "libelleLong": "DIPLOME ACCREDITE/HABILITE NATIONALEMENT",
      "libelleAffichage": "DIPLOME ACCREDITE/HABILITE NATIONALEMENT",
      "prioriteAffichage": 0,
      "dateDebutValidite": "1900-01-01",
      "dateFinValidite": null,
      "temoinVisible": true,
      "temoinLivre": true,
      "codeBcn": "1"
    }
  }