{
    "typeNomenclature": "RegimeInscription",
    "code": "REG001",
    "libelleCourt": "FORM INIT",
    "libelleLong": "FORMATION INITIALE HORS APPRENTISSAGE",
    "libelleAffichage": "FORMATION INITIALE HORS APPRENTISSAGE",
    "prioriteAffichage": 900,
    "dateDebutValidite": "1990-01-01",
    "dateFinValidite": null,
    "temoinVisible": true,
    "temoinLivre": true,
    "codeSISEIns": 10,
    "codeSISERslt": 11,
    "temoinCVEC": true,
    "financementPossible": false,
    "droitABourse": true,
    "codeBcn": "10"
  }